{
  "long_memory": [
    65.68826607422558,
    80.67929290474206,
    64.96004152238471,
    47.41811170075124,
    34.62154001871386
  ],
  "sparsity": {
    "connection_sparsity": 0.9990234375,
    "activation_sparsity": 1.0,
    "sigma_sparsity": 1.0
  },
  "graph": {
    "in_degree_mean": 4.0,
    "out_degree_mean": 4.0,
    "self_loops": 7.0
  },
  "config": {
    "damping": 0.99,
    "n_neurons": 4096,
    "n_edges": 16384,
    "n_layers": 4
  }
}